,Positive Power Flow Limit (MW),Negative Power Flow Limit (MW)
Line 1,800.0,-800.0
Line 2,700.0,-700.0
Line 3,700.0,-700.0
Line 4,700.0,-700.0
Line 5,700.0,-700.0
Line 6,700.0,-700.0
Line 7,700.0,-700.0
Line 8,700.0,-700.0
Line 9,700.0,-700.0
Line 10,700.0,-700.0
Line 11,700.0,-700.0
Line 12,700.0,-700.0
Line 13,700.0,-700.0
Line 14,700.0,-700.0
Line 15,700.0,-700.0
Line 16,700.0,-700.0
Line 17,700.0,-700.0
Line 18,700.0,-700.0
Line 19,700.0,-700.0
Line 20,700.0,-700.0
Line 21,700.0,-700.0
Line 22,700.0,-700.0
Line 23,700.0,-700.0
Line 24,700.0,-700.0
Line 25,700.0,-700.0
Line 26,700.0,-700.0
Line 27,700.0,-700.0
Line 28,700.0,-700.0
Line 29,700.0,-700.0
Line 30,700.0,-700.0
Line 31,700.0,-700.0
Line 32,700.0,-700.0
Line 33,700.0,-700.0
Line 34,700.0,-700.0
Line 35,700.0,-700.0
Line 36,700.0,-700.0
Line 37,700.0,-700.0
Line 38,700.0,-700.0
Line 39,700.0,-700.0
Line 40,700.0,-700.0
Line 41,700.0,-700.0
Line 42,400.0,-400.0
Line 43,700.0,-700.0
Line 44,400.0,-400.0
Line 45,700.0,-700.0
Line 46,700.0,-700.0
Line 47,700.0,-700.0
Line 48,700.0,-700.0
Line 49,700.0,-700.0
Line 50,700.0,-700.0
Line 51,700.0,-700.0
Line 52,700.0,-700.0
Line 53,700.0,-700.0
Line 54,700.0,-700.0
Line 55,700.0,-700.0
Line 56,700.0,-700.0
Line 57,700.0,-700.0
Line 58,700.0,-700.0
Line 59,700.0,-700.0
Line 60,700.0,-700.0
Line 61,700.0,-700.0
Line 62,700.0,-700.0
Line 63,700.0,-700.0
Line 64,700.0,-700.0
Line 65,700.0,-700.0
Line 66,700.0,-700.0
Line 67,700.0,-700.0
Line 68,700.0,-700.0
Line 69,700.0,-700.0
Line 70,700.0,-700.0
Line 71,700.0,-700.0
Line 72,700.0,-700.0
Line 73,700.0,-700.0
Line 74,700.0,-700.0
Line 75,700.0,-700.0
Line 76,700.0,-700.0
Line 77,700.0,-700.0
Line 78,700.0,-700.0
Line 79,700.0,-700.0
Line 80,700.0,-700.0
Line 81,700.0,-700.0
Line 82,700.0,-700.0
Line 83,700.0,-700.0
Line 84,700.0,-700.0
Line 85,700.0,-700.0
Line 86,700.0,-700.0
Line 87,700.0,-700.0
Line 88,700.0,-700.0
Line 89,700.0,-700.0
Line 90,500.0,-500.0
Line 91,700.0,-700.0
Line 92,700.0,-700.0
Line 93,700.0,-700.0
Line 94,700.0,-700.0
Line 95,700.0,-700.0
Line 96,700.0,-700.0
Line 97,700.0,-700.0
Line 98,700.0,-700.0
Line 99,700.0,-700.0
Line 100,700.0,-700.0
Line 101,700.0,-700.0
Line 102,700.0,-700.0
Line 103,700.0,-700.0
Line 104,700.0,-700.0
Line 105,700.0,-700.0
Line 106,700.0,-700.0
Line 107,700.0,-700.0
Line 108,700.0,-700.0
Line 109,700.0,-700.0
Line 110,700.0,-700.0
Line 111,700.0,-700.0
Line 112,700.0,-700.0
Line 113,700.0,-700.0
Line 114,700.0,-700.0
Line 115,700.0,-700.0
Line 116,700.0,-700.0
Line 117,700.0,-700.0
Line 118,700.0,-700.0
Line 119,700.0,-700.0
Line 120,700.0,-700.0
Line 121,700.0,-700.0
Line 122,700.0,-700.0
Line 123,700.0,-700.0
Line 124,700.0,-700.0
Line 125,700.0,-700.0
Line 126,700.0,-700.0
Line 127,700.0,-700.0
Line 128,700.0,-700.0
Line 129,700.0,-700.0
Line 130,700.0,-700.0
Line 131,700.0,-700.0
Line 132,700.0,-700.0
Line 133,700.0,-700.0
Line 134,700.0,-700.0
Line 135,700.0,-700.0
Line 136,700.0,-700.0
Line 137,700.0,-700.0
Line 138,700.0,-700.0
Line 139,700.0,-700.0
Line 140,700.0,-700.0
Line 141,700.0,-700.0
Line 142,700.0,-700.0
Line 143,700.0,-700.0
Line 144,700.0,-700.0
Line 145,700.0,-700.0
Line 146,700.0,-700.0
Line 147,700.0,-700.0
Line 148,700.0,-700.0
Line 149,700.0,-700.0
Line 150,700.0,-700.0
Line 151,700.0,-700.0
Line 152,700.0,-700.0
Line 153,700.0,-700.0
Line 154,700.0,-700.0
Line 155,700.0,-700.0
Line 156,700.0,-700.0
Line 157,700.0,-700.0
Line 158,700.0,-700.0
Line 159,700.0,-700.0
Line 160,700.0,-700.0
Line 161,700.0,-700.0
Line 162,700.0,-700.0
Line 163,700.0,-700.0
Line 164,700.0,-700.0
Line 165,700.0,-700.0
Line 166,700.0,-700.0
Line 167,700.0,-700.0
Line 168,700.0,-700.0
Line 169,700.0,-700.0
Line 170,700.0,-700.0
Line 171,700.0,-700.0
Line 172,700.0,-700.0
Line 173,700.0,-700.0
Line 174,700.0,-700.0
Line 175,700.0,-700.0
Line 176,700.0,-700.0
Line 177,700.0,-700.0
Line 178,700.0,-700.0
Line 179,700.0,-700.0
Line 180,700.0,-700.0
Line 181,700.0,-700.0
Line 182,700.0,-700.0
Line 183,700.0,-700.0
Line 184,700.0,-700.0
Line 185,700.0,-700.0
Line 186,700.0,-700.0
Line 187,700.0,-700.0
Line 188,700.0,-700.0
Line 189,700.0,-700.0
Line 190,700.0,-700.0
Line 191,700.0,-700.0
Line 192,700.0,-700.0
Line 193,700.0,-700.0
Line 194,700.0,-700.0
Line 195,700.0,-700.0
Line 196,700.0,-700.0
Line 197,700.0,-700.0
Line 198,700.0,-700.0
Line 199,700.0,-700.0
Line 200,700.0,-700.0
Line 201,700.0,-700.0
Line 202,700.0,-700.0
Line 203,700.0,-700.0
Line 204,700.0,-700.0
Line 205,700.0,-700.0
Line 206,700.0,-700.0
Line 207,700.0,-700.0
Line 208,700.0,-700.0
Line 209,700.0,-700.0
Line 210,700.0,-700.0
Line 211,700.0,-700.0
Line 212,700.0,-700.0
Line 213,700.0,-700.0
Line 214,700.0,-700.0
Line 215,700.0,-700.0
Line 216,700.0,-700.0
Line 217,700.0,-700.0
Line 218,700.0,-700.0
Line 219,700.0,-700.0
Line 220,700.0,-700.0
Line 221,700.0,-700.0
Line 222,700.0,-700.0
Line 223,700.0,-700.0
Line 224,700.0,-700.0
Line 225,700.0,-700.0
Line 226,700.0,-700.0
Line 227,700.0,-700.0
Line 228,700.0,-700.0
Line 229,700.0,-700.0
Line 230,700.0,-700.0
Line 231,700.0,-700.0
Line 232,700.0,-700.0
Line 233,700.0,-700.0
Line 234,700.0,-700.0
Line 235,700.0,-700.0
Line 236,700.0,-700.0
Line 237,700.0,-700.0
Line 238,700.0,-700.0
Line 239,700.0,-700.0
Line 240,700.0,-700.0
Line 241,700.0,-700.0
Line 242,700.0,-700.0
Line 243,700.0,-700.0
Line 244,700.0,-700.0
Line 245,700.0,-700.0
Line 246,700.0,-700.0
Line 247,700.0,-700.0
Line 248,700.0,-700.0
Line 249,700.0,-700.0
Line 250,700.0,-700.0
Line 251,700.0,-700.0
Line 252,700.0,-700.0
Line 253,700.0,-700.0
Line 254,700.0,-700.0
Line 255,700.0,-700.0
Line 256,700.0,-700.0
Line 257,700.0,-700.0
Line 258,700.0,-700.0
Line 259,700.0,-700.0
Line 260,700.0,-700.0
Line 261,700.0,-700.0
Line 262,700.0,-700.0
Line 263,700.0,-700.0
Line 264,700.0,-700.0
Line 265,700.0,-700.0
Line 266,700.0,-700.0
Line 267,700.0,-700.0
Line 268,700.0,-700.0
Line 269,700.0,-700.0
Line 270,700.0,-700.0
Line 271,700.0,-700.0
Line 272,700.0,-700.0
Line 273,700.0,-700.0
Line 274,700.0,-700.0
Line 275,700.0,-700.0
Line 276,700.0,-700.0
Line 277,700.0,-700.0
Line 278,700.0,-700.0
Line 279,700.0,-700.0
Line 280,700.0,-700.0
Line 281,700.0,-700.0
Line 282,700.0,-700.0
Line 283,700.0,-700.0
Line 284,700.0,-700.0
Line 285,700.0,-700.0
Line 286,700.0,-700.0
Line 287,700.0,-700.0
Line 288,700.0,-700.0
Line 289,700.0,-700.0
Line 290,700.0,-700.0
Line 291,700.0,-700.0
Line 292,700.0,-700.0
Line 293,700.0,-700.0
Line 294,700.0,-700.0
Line 295,700.0,-700.0
Line 296,700.0,-700.0
Line 297,700.0,-700.0
Line 298,700.0,-700.0
Line 299,700.0,-700.0
Line 300,700.0,-700.0
Line 301,700.0,-700.0
Line 302,700.0,-700.0
Line 303,700.0,-700.0
Line 304,700.0,-700.0
Line 305,700.0,-700.0
Line 306,700.0,-700.0
Line 307,700.0,-700.0
Line 308,700.0,-700.0
Line 309,700.0,-700.0
Line 310,700.0,-700.0
Line 311,700.0,-700.0
Line 312,700.0,-700.0
Line 313,700.0,-700.0
Line 314,700.0,-700.0
Line 315,700.0,-700.0
Line 316,700.0,-700.0
Line 317,700.0,-700.0
Line 318,700.0,-700.0
Line 319,700.0,-700.0
Line 320,700.0,-700.0
Line 321,700.0,-700.0
Line 322,700.0,-700.0
Line 323,700.0,-700.0
Line 324,700.0,-700.0
Line 325,700.0,-700.0
Line 326,700.0,-700.0
Line 327,700.0,-700.0
Line 328,700.0,-700.0
Line 329,700.0,-700.0
Line 330,700.0,-700.0
Line 331,700.0,-700.0
Line 332,700.0,-700.0
Line 333,700.0,-700.0
Line 334,700.0,-700.0
Line 335,700.0,-700.0
Line 336,700.0,-700.0
Line 337,700.0,-700.0
Line 338,700.0,-700.0
Line 339,700.0,-700.0
Line 340,700.0,-700.0
Line 341,700.0,-700.0
Line 342,700.0,-700.0
Line 343,700.0,-700.0
Line 344,700.0,-700.0
Line 345,700.0,-700.0
Line 346,700.0,-700.0
Line 347,700.0,-700.0
Line 348,700.0,-700.0
Line 349,700.0,-700.0
Line 350,700.0,-700.0
Line 351,700.0,-700.0
Line 352,700.0,-700.0
Line 353,700.0,-700.0
Line 354,700.0,-700.0
Line 355,700.0,-700.0
Line 356,700.0,-700.0
Line 357,700.0,-700.0
Line 358,700.0,-700.0
Line 359,700.0,-700.0
Line 360,700.0,-700.0
Line 361,700.0,-700.0
Line 362,700.0,-700.0
Line 363,700.0,-700.0
Line 364,700.0,-700.0
Line 365,700.0,-700.0
Line 366,700.0,-700.0
Line 367,700.0,-700.0
Line 368,700.0,-700.0
Line 369,700.0,-700.0
Line 370,700.0,-700.0
Line 371,700.0,-700.0
Line 372,700.0,-700.0
Line 373,700.0,-700.0
Line 374,700.0,-700.0
Line 375,700.0,-700.0
Line 376,700.0,-700.0
Line 377,700.0,-700.0
Line 378,700.0,-700.0
Line 379,700.0,-700.0
Line 380,700.0,-700.0
Line 381,700.0,-700.0
Line 382,700.0,-700.0
Line 383,700.0,-700.0
Line 384,700.0,-700.0
Line 385,700.0,-700.0
Line 386,700.0,-700.0
Line 387,700.0,-700.0
Line 388,700.0,-700.0
Line 389,400.0,-400.0
Line 390,700.0,-700.0
Line 391,700.0,-700.0
Line 392,700.0,-700.0
Line 393,700.0,-700.0
Line 394,700.0,-700.0
Line 395,700.0,-700.0
Line 396,700.0,-700.0
Line 397,700.0,-700.0
Line 398,700.0,-700.0
Line 399,700.0,-700.0
Line 400,700.0,-700.0
Line 401,700.0,-700.0
Line 402,700.0,-700.0
Line 403,700.0,-700.0
Line 404,700.0,-700.0
Line 405,700.0,-700.0
Line 406,700.0,-700.0
Line 407,700.0,-700.0
Line 408,700.0,-700.0
Line 409,700.0,-700.0
Line 410,700.0,-700.0
Line 411,700.0,-700.0
