,Positive Power Flow Limit (MW),Negative Power Flow Limit (MW)
Line 1,500.0,-500.0
Line 2,500.0,-500.0
Line 3,500.0,-500.0
Line 4,500.0,-500.0
Line 5,500.0,-500.0
Line 6,500.0,-500.0
Line 7,500.0,-500.0
Line 8,500.0,-500.0
Line 9,500.0,-500.0
Line 10,500.0,-500.0
Line 11,500.0,-500.0
Line 12,500.0,-500.0
Line 13,500.0,-500.0
Line 14,500.0,-500.0
Line 15,500.0,-500.0
Line 16,500.0,-500.0
Line 17,500.0,-500.0
Line 18,500.0,-500.0
Line 19,500.0,-500.0
Line 20,500.0,-500.0
Line 21,500.0,-500.0
Line 22,500.0,-500.0
Line 23,500.0,-500.0
Line 24,500.0,-500.0
Line 25,500.0,-500.0
Line 26,500.0,-500.0
Line 27,500.0,-500.0
Line 28,500.0,-500.0
Line 29,500.0,-500.0
Line 30,500.0,-500.0
Line 31,500.0,-500.0
Line 32,500.0,-500.0
Line 33,500.0,-500.0
Line 34,500.0,-500.0
Line 35,500.0,-500.0
Line 36,500.0,-500.0
Line 37,500.0,-500.0
Line 38,500.0,-500.0
Line 39,500.0,-500.0
Line 40,500.0,-500.0
Line 41,500.0,-500.0
Line 42,500.0,-500.0
Line 43,500.0,-500.0
Line 44,500.0,-500.0
Line 45,500.0,-500.0
Line 46,500.0,-500.0
Line 47,500.0,-500.0
Line 48,500.0,-500.0
Line 49,500.0,-500.0
Line 50,500.0,-500.0
Line 51,500.0,-500.0
Line 52,500.0,-500.0
Line 53,500.0,-500.0
Line 54,500.0,-500.0
Line 55,500.0,-500.0
Line 56,500.0,-500.0
Line 57,500.0,-500.0
Line 58,500.0,-500.0
Line 59,500.0,-500.0
Line 60,500.0,-500.0
Line 61,500.0,-500.0
Line 62,500.0,-500.0
Line 63,500.0,-500.0
Line 64,500.0,-500.0
Line 65,500.0,-500.0
Line 66,500.0,-500.0
Line 67,500.0,-500.0
Line 68,500.0,-500.0
Line 69,500.0,-500.0
Line 70,500.0,-500.0
Line 71,500.0,-500.0
Line 72,500.0,-500.0
Line 73,500.0,-500.0
Line 74,500.0,-500.0
Line 75,500.0,-500.0
Line 76,500.0,-500.0
Line 77,500.0,-500.0
Line 78,500.0,-500.0
Line 79,500.0,-500.0
Line 80,500.0,-500.0
Line 81,500.0,-500.0
Line 82,500.0,-500.0
Line 83,500.0,-500.0
Line 84,500.0,-500.0
Line 85,500.0,-500.0
Line 86,500.0,-500.0
Line 87,500.0,-500.0
Line 88,500.0,-500.0
Line 89,500.0,-500.0
Line 90,500.0,-500.0
Line 91,500.0,-500.0
Line 92,500.0,-500.0
Line 93,500.0,-500.0
Line 94,500.0,-500.0
Line 95,500.0,-500.0
Line 96,500.0,-500.0
Line 97,500.0,-500.0
Line 98,500.0,-500.0
Line 99,500.0,-500.0
Line 100,500.0,-500.0
Line 101,500.0,-500.0
Line 102,500.0,-500.0
Line 103,500.0,-500.0
Line 104,500.0,-500.0
Line 105,500.0,-500.0
Line 106,500.0,-500.0
Line 107,500.0,-500.0
Line 108,500.0,-500.0
Line 109,500.0,-500.0
Line 110,500.0,-500.0
Line 111,500.0,-500.0
Line 112,500.0,-500.0
Line 113,500.0,-500.0
Line 114,500.0,-500.0
Line 115,500.0,-500.0
Line 116,500.0,-500.0
Line 117,500.0,-500.0
Line 118,500.0,-500.0
Line 119,500.0,-500.0
Line 120,500.0,-500.0
Line 121,500.0,-500.0
Line 122,500.0,-500.0
Line 123,500.0,-500.0
Line 124,500.0,-500.0
Line 125,500.0,-500.0
Line 126,500.0,-500.0
Line 127,500.0,-500.0
Line 128,500.0,-500.0
Line 129,500.0,-500.0
Line 130,500.0,-500.0
Line 131,500.0,-500.0
Line 132,500.0,-500.0
Line 133,500.0,-500.0
Line 134,500.0,-500.0
Line 135,500.0,-500.0
Line 136,500.0,-500.0
Line 137,500.0,-500.0
Line 138,500.0,-500.0
Line 139,500.0,-500.0
Line 140,500.0,-500.0
Line 141,500.0,-500.0
Line 142,500.0,-500.0
Line 143,500.0,-500.0
Line 144,500.0,-500.0
Line 145,500.0,-500.0
Line 146,500.0,-500.0
Line 147,500.0,-500.0
Line 148,500.0,-500.0
Line 149,500.0,-500.0
Line 150,500.0,-500.0
Line 151,500.0,-500.0
Line 152,500.0,-500.0
Line 153,500.0,-500.0
Line 154,500.0,-500.0
Line 155,500.0,-500.0
Line 156,500.0,-500.0
Line 157,500.0,-500.0
Line 158,500.0,-500.0
Line 159,500.0,-500.0
Line 160,500.0,-500.0
Line 161,500.0,-500.0
Line 162,500.0,-500.0
Line 163,500.0,-500.0
Line 164,500.0,-500.0
Line 165,500.0,-500.0
Line 166,500.0,-500.0
Line 167,500.0,-500.0
Line 168,500.0,-500.0
Line 169,500.0,-500.0
Line 170,500.0,-500.0
Line 171,500.0,-500.0
Line 172,500.0,-500.0
Line 173,500.0,-500.0
Line 174,500.0,-500.0
Line 175,500.0,-500.0
Line 176,500.0,-500.0
Line 177,500.0,-500.0
Line 178,500.0,-500.0
Line 179,500.0,-500.0
Line 180,500.0,-500.0
Line 181,500.0,-500.0
Line 182,500.0,-500.0
Line 183,500.0,-500.0
Line 184,500.0,-500.0
Line 185,500.0,-500.0
Line 186,500.0,-500.0
Line 187,500.0,-500.0
Line 188,500.0,-500.0
Line 189,500.0,-500.0
Line 190,500.0,-500.0
Line 191,500.0,-500.0
Line 192,500.0,-500.0
Line 193,500.0,-500.0
Line 194,500.0,-500.0
Line 195,500.0,-500.0
Line 196,500.0,-500.0
Line 197,500.0,-500.0
Line 198,500.0,-500.0
Line 199,500.0,-500.0
Line 200,500.0,-500.0
Line 201,500.0,-500.0
Line 202,500.0,-500.0
Line 203,500.0,-500.0
Line 204,500.0,-500.0
Line 205,500.0,-500.0
Line 206,500.0,-500.0
Line 207,500.0,-500.0
Line 208,500.0,-500.0
Line 209,500.0,-500.0
Line 210,500.0,-500.0
Line 211,500.0,-500.0
Line 212,500.0,-500.0
Line 213,500.0,-500.0
Line 214,500.0,-500.0
Line 215,500.0,-500.0
Line 216,500.0,-500.0
Line 217,500.0,-500.0
Line 218,500.0,-500.0
Line 219,500.0,-500.0
Line 220,500.0,-500.0
Line 221,500.0,-500.0
Line 222,500.0,-500.0
Line 223,500.0,-500.0
Line 224,500.0,-500.0
Line 225,500.0,-500.0
Line 226,500.0,-500.0
Line 227,500.0,-500.0
Line 228,500.0,-500.0
Line 229,500.0,-500.0
Line 230,500.0,-500.0
Line 231,500.0,-500.0
Line 232,500.0,-500.0
Line 233,500.0,-500.0
Line 234,500.0,-500.0
Line 235,500.0,-500.0
Line 236,500.0,-500.0
Line 237,500.0,-500.0
Line 238,500.0,-500.0
Line 239,500.0,-500.0
Line 240,500.0,-500.0
Line 241,500.0,-500.0
Line 242,500.0,-500.0
Line 243,500.0,-500.0
Line 244,500.0,-500.0
Line 245,500.0,-500.0
Line 246,500.0,-500.0
Line 247,500.0,-500.0
Line 248,500.0,-500.0
Line 249,500.0,-500.0
Line 250,500.0,-500.0
Line 251,500.0,-500.0
Line 252,500.0,-500.0
Line 253,500.0,-500.0
Line 254,500.0,-500.0
Line 255,500.0,-500.0
Line 256,500.0,-500.0
Line 257,500.0,-500.0
Line 258,500.0,-500.0
Line 259,500.0,-500.0
Line 260,500.0,-500.0
Line 261,500.0,-500.0
Line 262,500.0,-500.0
Line 263,500.0,-500.0
Line 264,500.0,-500.0
Line 265,500.0,-500.0
Line 266,500.0,-500.0
Line 267,500.0,-500.0
Line 268,500.0,-500.0
Line 269,500.0,-500.0
Line 270,500.0,-500.0
Line 271,500.0,-500.0
Line 272,500.0,-500.0
Line 273,500.0,-500.0
Line 274,500.0,-500.0
Line 275,500.0,-500.0
Line 276,500.0,-500.0
Line 277,500.0,-500.0
Line 278,500.0,-500.0
Line 279,500.0,-500.0
Line 280,500.0,-500.0
Line 281,500.0,-500.0
Line 282,500.0,-500.0
Line 283,500.0,-500.0
Line 284,500.0,-500.0
Line 285,500.0,-500.0
Line 286,500.0,-500.0
Line 287,500.0,-500.0
Line 288,500.0,-500.0
Line 289,500.0,-500.0
Line 290,500.0,-500.0
Line 291,500.0,-500.0
Line 292,500.0,-500.0
Line 293,500.0,-500.0
Line 294,500.0,-500.0
Line 295,500.0,-500.0
Line 296,500.0,-500.0
Line 297,500.0,-500.0
Line 298,500.0,-500.0
Line 299,500.0,-500.0
Line 300,500.0,-500.0
Line 301,500.0,-500.0
Line 302,500.0,-500.0
Line 303,500.0,-500.0
Line 304,500.0,-500.0
Line 305,500.0,-500.0
Line 306,500.0,-500.0
Line 307,500.0,-500.0
Line 308,500.0,-500.0
Line 309,500.0,-500.0
Line 310,500.0,-500.0
Line 311,500.0,-500.0
Line 312,500.0,-500.0
Line 313,500.0,-500.0
Line 314,500.0,-500.0
Line 315,500.0,-500.0
Line 316,500.0,-500.0
Line 317,500.0,-500.0
Line 318,500.0,-500.0
Line 319,500.0,-500.0
Line 320,500.0,-500.0
Line 321,500.0,-500.0
Line 322,500.0,-500.0
Line 323,500.0,-500.0
Line 324,500.0,-500.0
Line 325,500.0,-500.0
Line 326,500.0,-500.0
Line 327,500.0,-500.0
Line 328,500.0,-500.0
Line 329,500.0,-500.0
Line 330,500.0,-500.0
Line 331,500.0,-500.0
Line 332,500.0,-500.0
Line 333,500.0,-500.0
Line 334,500.0,-500.0
Line 335,500.0,-500.0
Line 336,500.0,-500.0
Line 337,500.0,-500.0
Line 338,500.0,-500.0
Line 339,500.0,-500.0
Line 340,500.0,-500.0
Line 341,500.0,-500.0
Line 342,500.0,-500.0
Line 343,500.0,-500.0
Line 344,500.0,-500.0
Line 345,500.0,-500.0
Line 346,500.0,-500.0
Line 347,500.0,-500.0
Line 348,500.0,-500.0
Line 349,500.0,-500.0
Line 350,500.0,-500.0
Line 351,500.0,-500.0
Line 352,500.0,-500.0
Line 353,500.0,-500.0
Line 354,500.0,-500.0
Line 355,500.0,-500.0
Line 356,500.0,-500.0
Line 357,500.0,-500.0
Line 358,500.0,-500.0
Line 359,500.0,-500.0
Line 360,500.0,-500.0
Line 361,500.0,-500.0
Line 362,500.0,-500.0
Line 363,500.0,-500.0
Line 364,500.0,-500.0
Line 365,500.0,-500.0
Line 366,500.0,-500.0
Line 367,500.0,-500.0
Line 368,500.0,-500.0
Line 369,500.0,-500.0
Line 370,500.0,-500.0
Line 371,500.0,-500.0
Line 372,500.0,-500.0
Line 373,500.0,-500.0
Line 374,500.0,-500.0
Line 375,500.0,-500.0
Line 376,500.0,-500.0
Line 377,500.0,-500.0
Line 378,500.0,-500.0
Line 379,500.0,-500.0
Line 380,500.0,-500.0
Line 381,500.0,-500.0
Line 382,500.0,-500.0
Line 383,500.0,-500.0
Line 384,500.0,-500.0
Line 385,500.0,-500.0
Line 386,500.0,-500.0
Line 387,500.0,-500.0
Line 388,500.0,-500.0
Line 389,500.0,-500.0
Line 390,500.0,-500.0
Line 391,500.0,-500.0
Line 392,500.0,-500.0
Line 393,500.0,-500.0
Line 394,500.0,-500.0
Line 395,500.0,-500.0
Line 396,500.0,-500.0
Line 397,500.0,-500.0
Line 398,500.0,-500.0
Line 399,500.0,-500.0
Line 400,500.0,-500.0
Line 401,500.0,-500.0
Line 402,500.0,-500.0
Line 403,500.0,-500.0
Line 404,500.0,-500.0
Line 405,500.0,-500.0
Line 406,500.0,-500.0
Line 407,500.0,-500.0
Line 408,500.0,-500.0
Line 409,500.0,-500.0
Line 410,500.0,-500.0
Line 411,500.0,-500.0
Line 412,500.0,-500.0
Line 413,500.0,-500.0
Line 414,500.0,-500.0
Line 415,500.0,-500.0
Line 416,500.0,-500.0
Line 417,500.0,-500.0
Line 418,500.0,-500.0
Line 419,500.0,-500.0
Line 420,500.0,-500.0
Line 421,500.0,-500.0
Line 422,500.0,-500.0
Line 423,500.0,-500.0
Line 424,500.0,-500.0
Line 425,500.0,-500.0
Line 426,500.0,-500.0
Line 427,500.0,-500.0
Line 428,500.0,-500.0
Line 429,500.0,-500.0
Line 430,500.0,-500.0
Line 431,500.0,-500.0
Line 432,500.0,-500.0
Line 433,500.0,-500.0
Line 434,500.0,-500.0
Line 435,500.0,-500.0
Line 436,500.0,-500.0
Line 437,500.0,-500.0
Line 438,500.0,-500.0
Line 439,500.0,-500.0
Line 440,500.0,-500.0
Line 441,500.0,-500.0
Line 442,500.0,-500.0
Line 443,500.0,-500.0
Line 444,500.0,-500.0
Line 445,500.0,-500.0
Line 446,500.0,-500.0
Line 447,500.0,-500.0
Line 448,500.0,-500.0
Line 449,500.0,-500.0
Line 450,500.0,-500.0
Line 451,500.0,-500.0
Line 452,500.0,-500.0
Line 453,500.0,-500.0
Line 454,500.0,-500.0
Line 455,500.0,-500.0
Line 456,500.0,-500.0
Line 457,500.0,-500.0
Line 458,500.0,-500.0
Line 459,500.0,-500.0
Line 460,500.0,-500.0
Line 461,500.0,-500.0
Line 462,500.0,-500.0
Line 463,500.0,-500.0
Line 464,500.0,-500.0
Line 465,500.0,-500.0
Line 466,500.0,-500.0
Line 467,500.0,-500.0
Line 468,500.0,-500.0
Line 469,500.0,-500.0
Line 470,500.0,-500.0
Line 471,500.0,-500.0
Line 472,500.0,-500.0
Line 473,500.0,-500.0
Line 474,500.0,-500.0
Line 475,500.0,-500.0
Line 476,500.0,-500.0
Line 477,500.0,-500.0
Line 478,500.0,-500.0
Line 479,500.0,-500.0
Line 480,500.0,-500.0
Line 481,500.0,-500.0
Line 482,500.0,-500.0
Line 483,500.0,-500.0
Line 484,500.0,-500.0
Line 485,500.0,-500.0
Line 486,500.0,-500.0
Line 487,500.0,-500.0
Line 488,500.0,-500.0
Line 489,500.0,-500.0
Line 490,500.0,-500.0
Line 491,500.0,-500.0
Line 492,500.0,-500.0
Line 493,500.0,-500.0
Line 494,500.0,-500.0
Line 495,500.0,-500.0
Line 496,500.0,-500.0
Line 497,500.0,-500.0
Line 498,500.0,-500.0
Line 499,500.0,-500.0
Line 500,500.0,-500.0
Line 501,500.0,-500.0
Line 502,500.0,-500.0
Line 503,500.0,-500.0
Line 504,500.0,-500.0
Line 505,500.0,-500.0
Line 506,500.0,-500.0
Line 507,500.0,-500.0
Line 508,500.0,-500.0
Line 509,500.0,-500.0
Line 510,500.0,-500.0
Line 511,500.0,-500.0
Line 512,500.0,-500.0
Line 513,500.0,-500.0
Line 514,500.0,-500.0
Line 515,500.0,-500.0
Line 516,500.0,-500.0
Line 517,500.0,-500.0
Line 518,500.0,-500.0
Line 519,500.0,-500.0
Line 520,500.0,-500.0
Line 521,500.0,-500.0
Line 522,500.0,-500.0
Line 523,500.0,-500.0
Line 524,500.0,-500.0
Line 525,500.0,-500.0
Line 526,500.0,-500.0
Line 527,500.0,-500.0
Line 528,500.0,-500.0
Line 529,500.0,-500.0
Line 530,500.0,-500.0
Line 531,500.0,-500.0
Line 532,500.0,-500.0
Line 533,500.0,-500.0
Line 534,500.0,-500.0
Line 535,500.0,-500.0
Line 536,500.0,-500.0
Line 537,500.0,-500.0
Line 538,500.0,-500.0
Line 539,500.0,-500.0
Line 540,500.0,-500.0
Line 541,500.0,-500.0
Line 542,500.0,-500.0
Line 543,500.0,-500.0
Line 544,500.0,-500.0
Line 545,500.0,-500.0
Line 546,500.0,-500.0
Line 547,500.0,-500.0
Line 548,500.0,-500.0
Line 549,500.0,-500.0
Line 550,500.0,-500.0
Line 551,500.0,-500.0
Line 552,500.0,-500.0
Line 553,500.0,-500.0
Line 554,500.0,-500.0
Line 555,500.0,-500.0
Line 556,500.0,-500.0
Line 557,500.0,-500.0
Line 558,500.0,-500.0
Line 559,500.0,-500.0
Line 560,500.0,-500.0
Line 561,500.0,-500.0
Line 562,500.0,-500.0
Line 563,500.0,-500.0
Line 564,500.0,-500.0
Line 565,500.0,-500.0
Line 566,500.0,-500.0
Line 567,500.0,-500.0
Line 568,500.0,-500.0
Line 569,500.0,-500.0
Line 570,500.0,-500.0
Line 571,500.0,-500.0
Line 572,500.0,-500.0
Line 573,500.0,-500.0
Line 574,500.0,-500.0
Line 575,500.0,-500.0
Line 576,500.0,-500.0
Line 577,500.0,-500.0
Line 578,500.0,-500.0
Line 579,500.0,-500.0
Line 580,500.0,-500.0
Line 581,500.0,-500.0
Line 582,500.0,-500.0
Line 583,500.0,-500.0
Line 584,500.0,-500.0
Line 585,500.0,-500.0
Line 586,500.0,-500.0
Line 587,500.0,-500.0
Line 588,500.0,-500.0
Line 589,500.0,-500.0
Line 590,500.0,-500.0
Line 591,500.0,-500.0
Line 592,500.0,-500.0
Line 593,500.0,-500.0
Line 594,500.0,-500.0
Line 595,500.0,-500.0
Line 596,500.0,-500.0
Line 597,500.0,-500.0
